{"aggregation": {"name": "short", "connections": [{"own_cp_index": 23, "child_cp_index": 24, "child": {"name": "short", "connections": [{"own_cp_index": 8, "child_cp_index": 25, "child": {"name": "short", "connections": [{"own_cp_index": 13, "child_cp_index": 21, "child": {"name": "short", "connections": [{"own_cp_index": 20, "child_cp_index": 8, "child": {"name": "short", "connections": [], "tags": {"id": 3, "settled_pose": {"pos": [-0.02133836629947797, 0.06966632749674365, 0.10492729150142806], "quat": [6.371773191005817e-06, -3.360924584191405e-06, 0.00030083553982879533, 0.9999999547230404]}}}}], "tags": {"id": 4, "settled_pose": {"pos": [-0.058806791869435396, -0.031165175648667696, 0.16401948441670008], "quat": [0.0003757152651415082, 0.9999999294155391, 6.335659324957968e-07, 2.560313761495171e-06]}}}}], "tags": {"id": 2, "settled_pose": {"pos": [-0.02132918971150893, -0.13136682326422447, 0.10492686632336029], "quat": [2.335790913607228e-06, 4.01272836971567e-06, 0.0001137025968714716, 0.9999999935250808]}}}}], "tags": {"id": 1, "settled_pose": {"pos": [-0.02131230983227918, -0.13114151430597923, 0.04893792979640485], "quat": [2.3870852917691623e-06, 4.5384533676292784e-07, 8.960026701532456e-05, 0.999999995982944]}}}}], "tags": {"id": 0, "settled_pose": {"pos": [-0.02130925475147082, 0.06987306532055114, 0.04893831654054984], "quat": [-1.876941260313489e-07, 1.7454856559681613e-07, -2.0616564198943984e-05, 0.9999999997874458]}}}, "pre_placed_parts": [0, 1, 2, 3], "construction_order": [4], "root_transformation": [[1.0, 0.0, 0.0, -0.021312250937643436], [0.0, 1.0, 0.0, 0.06985942546603136], [0.0, 0.0, 1.0, 0.04844827586000003], [0.0, 0.0, 0.0, 1.0]]}