{"aggregation": {"name": "short", "connections": [{"own_cp_index": 0, "child_cp_index": 19, "child": {"name": "short", "connections": [{"own_cp_index": 6, "child_cp_index": 19, "child": {"name": "short", "connections": [{"own_cp_index": 7, "child_cp_index": 18, "child": {"name": "short", "connections": [{"own_cp_index": 6, "child_cp_index": 21, "child": {"name": "short", "connections": [], "tags": {"id": 4, "settled_pose": {"pos": [0.001567911434957173, -0.14637458018909383, 0.2759845434539299], "quat": [6.552361479700266e-06, 0.9999999912807802, 1.349461637122567e-05, -0.00013119985299673206]}}}}], "tags": {"id": 3, "settled_pose": {"pos": [-0.07344671502033984, -0.1463717869892701, 0.22001481110639615], "quat": [8.336394297027282e-06, 0.9999999913615645, 1.3392992062391578e-05, -0.00013049139176799987]}}}}], "tags": {"id": 2, "settled_pose": {"pos": [0.0013684106438515307, -0.14637224643161556, 0.1640084847801345], "quat": [-2.0195008308127222e-05, 0.9999999930566263, 1.3790107023358685e-05, -0.00011527680574995544]}}}}], "tags": {"id": 1, "settled_pose": {"pos": [0.0010297088377137639, -0.1463647299177289, 0.1080260286831298], "quat": [2.5211812338511348e-05, 0.9999999927720663, 7.972171191452144e-06, -0.00011728885975517107]}}}}], "tags": {"id": 0, "settled_pose": {"pos": [-0.036483524720653096, -0.1463644348182408, 0.04894004653423581], "quat": [7.959599726829429e-06, 0.00010924069820603027, -2.1606556004462248e-05, 0.9999999937681358]}}}, "pre_placed_parts": [0, 1, 2, 3], "construction_order": [4], "root_transformation": [[1.0, 0.0, 0.0, -0.036665185705411496], [0.0, 1.0, 0.0, -0.1463647533322992], [0.0, 0.0, 1.0, 0.04844827586], [0.0, 0.0, 0.0, 1.0]]}