{"aggregation": {"name": "short", "connections": [{"own_cp_index": 20, "child_cp_index": 13, "child": {"name": "short", "connections": [{"own_cp_index": 26, "child_cp_index": 4, "child": {"name": "short", "connections": [{"own_cp_index": 10, "child_cp_index": 26, "child": {"name": "short", "connections": [], "tags": {"id": 4, "settled_pose": {"pos": [0.046876568201211805, -0.0867872969419842, 0.21688992718698707], "quat": [2.4854629436410867e-06, 8.91975228400709e-05, -3.626589864193346e-05, 0.9999999953612045]}}}}], "tags": {"id": 3, "settled_pose": {"pos": [0.009352372181800095, -0.08679461235028746, 0.1640105817397546], "quat": [-2.712996186884128e-05, 0.9999999957768886, 9.306165194988141e-07, -8.780274497590922e-05]}}}}], "tags": {"id": 2, "settled_pose": {"pos": [-0.06565513491250585, -0.08680319343475064, 0.10803258679044749], "quat": [3.898750102963937e-05, 0.9999999989507418, 8.048991511285638e-08, -2.4051711686749105e-05]}}}}, {"own_cp_index": 24, "child_cp_index": 23, "child": {"name": "short", "connections": [], "tags": {"id": 1, "settled_pose": {"pos": [0.046775272295949334, 0.11420077293402779, 0.04893827651977458], "quat": [2.2145453665027576e-15, -1.3472518572695645e-15, -3.2084977933831034e-13, 1.0]}}}}], "tags": {"id": 0, "settled_pose": {"pos": [0.04679222596246557, -0.0867998303533872, 0.048934220056794736], "quat": [9.318873381251809e-08, 1.9030308265185184e-05, 5.159845894504004e-06, 0.9999999998056074]}}}, "pre_placed_parts": [0, 1, 2, 3], "construction_order": [4], "root_transformation": [[1.0, 0.0, 0.0, 0.04677527229570266], [0.0, 1.0, 0.0, -0.08679922706496979], [0.0, 0.0, 1.0, 0.04844827586000003], [0.0, 0.0, 0.0, 1.0]]}