{"aggregation": {"name": "short", "connections": [{"own_cp_index": 22, "child_cp_index": 3, "child": {"name": "short", "connections": [{"own_cp_index": 1, "child_cp_index": 20, "child": {"name": "short", "connections": [{"own_cp_index": 29, "child_cp_index": 8, "child": {"name": "short", "connections": [{"own_cp_index": 25, "child_cp_index": 3, "child": {"name": "short", "connections": [], "tags": {"id": 4, "settled_pose": {"pos": [0.05966066341976228, -0.017319832600777487, 0.27289795209220313], "quat": [-0.0003016315622991407, 6.0487907644083304e-05, 9.212098607115814e-05, 0.9999999484366675]}}}}], "tags": {"id": 3, "settled_pose": {"pos": [0.09757499400954618, 0.08260394698509742, 0.21994768169049364], "quat": [0.001269783845413509, 0.9999991417704901, -0.0003195269603164928, -4.4830692247700436e-05]}}}}], "tags": {"id": 2, "settled_pose": {"pos": [0.09746524059342455, -0.01738238891696149, 0.16402056411351756], "quat": [-0.0003493317643278685, 0.9999999022762428, -0.00026960322594097696, -2.6998593309077857e-05]}}}}], "tags": {"id": 1, "settled_pose": {"pos": [0.05999608217976195, -0.01747966836675939, 0.1049290900555501], "quat": [-0.0002661383253803654, 2.746325276223267e-05, 0.0006913352766052503, 0.9999997252358107]}}}}], "tags": {"id": 0, "settled_pose": {"pos": [0.060019671354700495, -0.017510255597643607, 0.048940394569465216], "quat": [-0.0002556114213318635, 3.385067126318135e-05, 0.0008852655337064692, 0.9999995749108438]}}}, "pre_placed_parts": [0, 1, 2, 3], "construction_order": [4], "root_transformation": [[1.0, 0.0, 0.0, 0.05986168250539747], [0.0, 1.0, 0.0, -0.01789462117335389], [0.0, 0.0, 1.0, 0.04844827586], [0.0, 0.0, 0.0, 1.0]]}