{"aggregation": {"name": "short", "connections": [{"own_cp_index": 4, "child_cp_index": 19, "child": {"name": "short", "connections": [{"own_cp_index": 2, "child_cp_index": 26, "child": {"name": "short", "connections": [{"own_cp_index": 5, "child_cp_index": 30, "child": {"name": "short", "connections": [{"own_cp_index": 1, "child_cp_index": 20, "child": {"name": "short", "connections": [], "tags": {"id": 4, "settled_pose": {"pos": [0.06302923036734512, 0.12589327716696572, 0.2758935476786144], "quat": [-0.0001474719974609476, 0.9999998806919684, -1.3972967788607425e-05, -0.00046548127250516634]}}}}], "tags": {"id": 3, "settled_pose": {"pos": [0.025475770285073664, 0.12588075645297767, 0.21683399552378502], "quat": [-1.3931911779529588e-05, 0.0004525951578545474, 0.00014699254632896577, 0.9999998866783517]}}}}], "tags": {"id": 2, "settled_pose": {"pos": [-0.05018071051770363, 0.1258450298757438, 0.1609183357237678], "quat": [-1.37610775806915e-05, 0.00032383433288286006, 7.5668877320401e-05, 0.9999999446080877]}}}}], "tags": {"id": 1, "settled_pose": {"pos": [0.06223578012540521, 0.12586616947211954, 0.10796479637686532], "quat": [-3.879581580867356e-05, 0.9999999395652246, -2.1727471712091274e-05, -0.00034480769864247794]}}}}], "tags": {"id": 0, "settled_pose": {"pos": [-0.050303094078116124, 0.12585522496306045, 0.04894438673300659], "quat": [-2.1107803127918644e-05, 0.0003032292194400536, 2.7259691548262297e-05, 0.9999999534317041]}}}, "pre_placed_parts": [0, 1, 2, 3], "construction_order": [4], "root_transformation": [[1.0, 0.0, 0.0, -0.05052502080422], [0.0, 1.0, 0.0, 0.12584793774858727], [0.0, 0.0, 1.0, 0.04844827586], [0.0, 0.0, 0.0, 1.0]]}