{"aggregation": {"name": "short", "connections": [{"own_cp_index": 13, "child_cp_index": 28, "child": {"name": "short", "connections": [{"own_cp_index": 9, "child_cp_index": 29, "child": {"name": "short", "connections": [{"own_cp_index": 18, "child_cp_index": 5, "child": {"name": "short", "connections": [{"own_cp_index": 27, "child_cp_index": 4, "child": {"name": "short", "connections": [], "tags": {"id": 4, "settled_pose": {"pos": [-0.0321198943859014, -0.08821590748238547, 0.2759821375212674], "quat": [4.3932367451533345e-06, 0.9999999944881367, 4.090630002504251e-07, -0.00010490118624298211]}}}}], "tags": {"id": 3, "settled_pose": {"pos": [-0.032131151217805694, -0.08821586958459426, 0.21999284787542986], "quat": [4.37374347108941e-06, 0.999999995004555, 4.457760449892851e-07, -9.985770709621595e-05]}}}}], "tags": {"id": 2, "settled_pose": {"pos": [-0.06984439263039274, -0.08821548941042713, 0.16090751033732484], "quat": [2.796680285615426e-07, 9.78400281399285e-05, -3.503407384097954e-06, 0.9999999952074884]}}}}], "tags": {"id": 1, "settled_pose": {"pos": [-0.06982753351418038, -0.08821522564399553, 0.1049222661621303], "quat": [4.557064995380589e-08, 6.30633780731152e-05, -2.2524248638208155e-06, 0.9999999980089674]}}}}], "tags": {"id": 0, "settled_pose": {"pos": [-0.0700527850486234, -0.08821526060022518, 0.04893294004572123], "quat": [1.0289764607497863e-07, 5.7275395664177437e-05, -1.2899485337672548e-06, 0.9999999983589273]}}}, "pre_placed_parts": [0, 1, 2, 3], "construction_order": [4], "root_transformation": [[1.0, 0.0, 0.0, -0.07029377805968495], [0.0, 1.0, 0.0, -0.08821498193892835], [0.0, 0.0, 1.0, 0.04844827586], [0.0, 0.0, 0.0, 1.0]]}