{"aggregation": {"name": "short", "connections": [{"own_cp_index": 12, "child_cp_index": 29, "child": {"name": "short", "connections": [{"own_cp_index": 12, "child_cp_index": 25, "child": {"name": "short", "connections": [], "tags": {"id": 4, "settled_pose": {"pos": [-0.08275714497446512, -0.11081559036330071, 0.16088129192205056], "quat": [0.001154654177698505, -0.00028321076857873076, 0.0027644214434997265, 0.9999954722594865]}}}}], "tags": {"id": 2, "settled_pose": {"pos": [-0.0074521288787927145, -0.11017938661696089, 0.10493260459110768], "quat": [0.001105286904319619, -0.000236683892069882, 0.001329879510581693, 0.999998476869881]}}}}, {"own_cp_index": 13, "child_cp_index": 26, "child": {"name": "short", "connections": [{"own_cp_index": 20, "child_cp_index": 11, "child": {"name": "short", "connections": [], "tags": {"id": 3, "settled_pose": {"pos": [-0.00860106749081723, 0.0912510631551372, 0.16090479324588539], "quat": [-0.000229731558520734, -0.0003601383746886403, 0.0004879823171829769, 0.999999789698488]}}}}], "tags": {"id": 1, "settled_pose": {"pos": [-0.08301055588157775, 0.09074684723363688, 0.10488024833688792], "quat": [-0.00033646968246691105, -0.00033799611814357253, 0.0013372836731802718, 0.9999989921090693]}}}}], "tags": {"id": 0, "settled_pose": {"pos": [0.06768451306731413, -0.008727632808207491, 0.04898565732908375], "quat": [1.3740961817480243e-05, -0.00024050086198238675, 0.0011210886549671126, 0.9999993425651584]}}}, "pre_placed_parts": [0, 1, 2, 3], "construction_order": [4], "root_transformation": [[1.0, 0.0, 0.0, 0.0678838754786209], [0.0, 1.0, 0.0, -0.008663399897937468], [0.0, 0.0, 1.0, 0.04844827586], [0.0, 0.0, 0.0, 1.0]]}