{"aggregation": {"name": "short", "connections": [{"own_cp_index": 13, "child_cp_index": 28, "child": {"name": "short", "connections": [], "tags": {"id": 3, "settled_pose": {"pos": [-0.07899116304021873, 0.09244287862327698, 0.10492739566166748], "quat": [-5.733838738501628e-10, -3.1444681695895033e-09, -1.9368879875024515e-08, 0.9999999999999999]}}}}, {"own_cp_index": 23, "child_cp_index": 23, "child": {"name": "short", "connections": [{"own_cp_index": 1, "child_cp_index": 31, "child": {"name": "short", "connections": [{"own_cp_index": 22, "child_cp_index": 13, "child": {"name": "short", "connections": [], "tags": {"id": 4, "settled_pose": {"pos": [0.03365203825386196, -0.1085497935842908, 0.16400043219530336], "quat": [0.9999999975650693, 1.3278394338436548e-07, -6.956798694309567e-05, 5.489886758860654e-06]}}}}], "tags": {"id": 2, "settled_pose": {"pos": [-0.003917974823352043, -0.10854961219505789, 0.10491288687235477], "quat": [6.874910292164992e-05, 5.1560369901274064e-06, 0.9999999975890587, -8.298120863829083e-06]}}}}], "tags": {"id": 1, "settled_pose": {"pos": [-0.0789901625872291, -0.10855737605101118, 0.04893959844749116], "quat": [1.036729989556643e-05, 1.311272553959453e-07, 0.9999999999460434, -6.44392674784593e-07]}}}}], "tags": {"id": 0, "settled_pose": {"pos": [-0.07899116273456497, 0.09244287707883947, 0.04893827651912214], "quat": [-6.378788118597369e-10, -2.1567706290485675e-10, -1.2734320648708854e-08, 1.0]}}}, "pre_placed_parts": [0, 1, 2, 3], "construction_order": [4], "root_transformation": [[1.0, 0.0, 0.0, -0.07899116749937035], [0.0, 1.0, 0.0, 0.0924428773813899], [0.0, 0.0, 1.0, 0.048448275860000056], [0.0, 0.0, 0.0, 1.0]]}