{"aggregation": {"name": "short", "connections": [{"own_cp_index": 22, "child_cp_index": 9, "child": {"name": "short", "connections": [], "tags": {"id": 3, "settled_pose": {"pos": [0.09486078623764234, -0.14772442103344374, 0.10803084089705611], "quat": [-7.638650293125306e-08, 0.999999999999997, 1.7787872559153486e-08, 2.7224706977556016e-09]}}}}, {"own_cp_index": 24, "child_cp_index": 23, "child": {"name": "short", "connections": [{"own_cp_index": 8, "child_cp_index": 26, "child": {"name": "short", "connections": [{"own_cp_index": 18, "child_cp_index": 5, "child": {"name": "short", "connections": [], "tags": {"id": 4, "settled_pose": {"pos": [0.019779035817937662, 0.05327434720098923, 0.164018797505829], "quat": [2.6391197837592034e-05, 0.9999999995169983, 5.643698325932432e-07, 1.6407005724457838e-05]}}}}], "tags": {"id": 2, "settled_pose": {"pos": [-0.017694197514551757, 0.05327530108673052, 0.10492615922801422], "quat": [6.994542375081426e-07, -1.0768741725872925e-05, -8.406672043321856e-06, 0.9999999999064364]}}}}], "tags": {"id": 1, "settled_pose": {"pos": [0.0573599876404762, 0.053274845929486114, 0.04893822727402041], "quat": [1.9053175549637117e-07, -8.296053061155841e-06, -1.8446206597714382e-06, 0.9999999999638683]}}}}], "tags": {"id": 0, "settled_pose": {"pos": [0.05736076750378887, -0.1477244299034618, 0.0489382743634338], "quat": [1.3900626771762489e-08, -1.9230568126319918e-09, 6.011239473413562e-08, 0.9999999999999981]}}}, "pre_placed_parts": [0, 1, 2, 3], "construction_order": [4], "root_transformation": [[1.0, 0.0, 0.0, 0.05736079449383569], [0.0, 1.0, 0.0, -0.1477244135614505], [0.0, 0.0, 1.0, 0.04844827586000003], [0.0, 0.0, 0.0, 1.0]]}