{"aggregation": {"name": "short", "connections": [{"own_cp_index": 0, "child_cp_index": 25, "child": {"name": "short", "connections": [{"own_cp_index": 12, "child_cp_index": 19, "child": {"name": "short", "connections": [{"own_cp_index": 3, "child_cp_index": 29, "child": {"name": "short", "connections": [{"own_cp_index": 4, "child_cp_index": 19, "child": {"name": "short", "connections": [], "tags": {"id": 4, "settled_pose": {"pos": [0.014717638758039813, -0.11992848919767435, 0.2759963306048341], "quat": [-1.7760472762219044e-05, 0.9999999565747015, 1.4676628437127733e-05, 0.0002938022417836611]}}}}], "tags": {"id": 3, "settled_pose": {"pos": [-0.09774771600177883, -0.11993010803131164, 0.2168390816264554], "quat": [1.4973922679216351e-05, -0.0002914651772235492, 1.679470849460273e-05, 0.9999999572708841]}}}}], "tags": {"id": 2, "settled_pose": {"pos": [-0.060122871694778264, -0.11992084814896203, 0.16398052001341173], "quat": [1.0926371310883404e-05, 0.9999999594583975, 1.7437360245580436e-05, 0.0002840066130937716]}}}}], "tags": {"id": 1, "settled_pose": {"pos": [0.05246952044085346, -0.11991168648003332, 0.10494999274280246], "quat": [1.881574117854607e-05, -0.0002830827524898885, 4.084611487216633e-05, 0.9999999589208582]}}}}], "tags": {"id": 0, "settled_pose": {"pos": [-0.022545042312701737, -0.11991032875673507, 0.04893936982609649], "quat": [-3.397569334013874e-07, -4.803839561409581e-06, -9.52212671300883e-05, 0.9999999954548591]}}}, "pre_placed_parts": [0, 1, 2, 3], "construction_order": [4], "root_transformation": [[1.0, 0.0, 0.0, -0.022486329979142513], [0.0, 1.0, 0.0, -0.11990564358151584], [0.0, 0.0, 1.0, 0.04844827586], [0.0, 0.0, 0.0, 1.0]]}