{"aggregation": {"name": "short", "connections": [{"own_cp_index": 20, "child_cp_index": 1, "child": {"name": "short", "connections": [{"own_cp_index": 26, "child_cp_index": 0, "child": {"name": "short", "connections": [{"own_cp_index": 16, "child_cp_index": 6, "child": {"name": "short", "connections": [{"own_cp_index": 17, "child_cp_index": 6, "child": {"name": "short", "connections": [], "tags": {"id": 4, "settled_pose": {"pos": [-0.021154577373636914, -0.11126973376282272, 0.2728228696554012], "quat": [-2.3267346965863094e-05, 0.0010069323189762442, -0.0006100262215379042, 0.999999306706732]}}}}], "tags": {"id": 3, "settled_pose": {"pos": [0.05390646387625997, -0.11111038482270695, 0.21668039187173077], "quat": [-2.6518450230198134e-05, 0.0010411870337860636, -3.5802396338874535e-08, 0.9999994576130186]}}}}], "tags": {"id": 2, "settled_pose": {"pos": [-0.05912130686504828, -0.1111478860541299, 0.16402033297497862], "quat": [-7.778397521307759e-05, 0.9999997377908036, -2.947382451393776e-05, -0.000719374221819597]}}}}], "tags": {"id": 1, "settled_pose": {"pos": [-0.05926411714479335, -0.11116331739143034, 0.10802055312804468], "quat": [-9.674753789244832e-05, 0.9999998782779804, -2.604024821123244e-05, -0.00048312094121367126]}}}}], "tags": {"id": 0, "settled_pose": {"pos": [-0.09681309903234307, -0.1111586220496421, 0.04894458050314544], "quat": [-2.6528051238728606e-05, 0.0003694133115835108, 4.8876273252089315e-05, 0.9999999302205864]}}}, "pre_placed_parts": [0, 1, 2, 3], "construction_order": [4], "root_transformation": [[1.0, 0.0, 0.0, -0.09716890245760285], [0.0, 1.0, 0.0, -0.11114747338386832], [0.0, 0.0, 1.0, 0.04844827586], [0.0, 0.0, 0.0, 1.0]]}