{"aggregation": {"name": "short", "connections": [{"own_cp_index": 0, "child_cp_index": 20, "child": {"name": "short", "connections": [{"own_cp_index": 8, "child_cp_index": 28, "child": {"name": "short", "connections": [], "tags": {"id": 1, "settled_pose": {"pos": [-0.013870436106677713, -0.11020080229737458, 0.05203909136616438], "quat": [0.0010364515027587822, 0.9999994604093194, -3.126193813274084e-05, -6.302415178580053e-05]}}}}, {"own_cp_index": 30, "child_cp_index": 7, "child": {"name": "short", "connections": [{"own_cp_index": 5, "child_cp_index": 31, "child": {"name": "short", "connections": [], "tags": {"id": 4, "settled_pose": {"pos": [0.023343274979663802, -0.009043711130886275, 0.2168980934727023], "quat": [5.17197616061924e-06, 4.3698311272495546e-05, 0.0004067610464791037, 0.9999999163045762]}}}}], "tags": {"id": 3, "settled_pose": {"pos": [0.02335102234677066, -0.009035132468427515, 0.16091005696896762], "quat": [-1.610332166984722e-06, 4.351710033234111e-05, 0.00046620497085776035, 0.999999890378291]}}}}], "tags": {"id": 2, "settled_pose": {"pos": [0.06078813980509082, -0.009229685106903505, 0.10802115775733104], "quat": [-0.0011367581196042946, 0.9999993529706599, -3.930040907568267e-07, -4.2884550813312446e-05]}}}}], "tags": {"id": 0, "settled_pose": {"pos": [0.023455184963897337, 0.09065537807855316, 0.0489394996801805], "quat": [-0.00016132764844939673, -7.499161126115992e-06, -0.0011333095901838357, 0.999999344763048]}}}, "pre_placed_parts": [0, 1, 2, 3], "construction_order": [4], "root_transformation": [[1.0, 0.0, 0.0, 0.023371392512305914], [0.0, 1.0, 0.0, 0.09084962850005834], [0.0, 0.0, 1.0, 0.04844827586413794], [0.0, 0.0, 0.0, 1.0]]}