{"aggregation": {"name": "short", "connections": [{"own_cp_index": 12, "child_cp_index": 16, "child": {"name": "short", "connections": [{"own_cp_index": 9, "child_cp_index": 29, "child": {"name": "short", "connections": [{"own_cp_index": 18, "child_cp_index": 11, "child": {"name": "short", "connections": [], "tags": {"id": 4, "settled_pose": {"pos": [-0.07347940704021766, -0.13507374813507078, 0.21690416577725005], "quat": [8.849375120966811e-07, -1.8785204103611112e-05, -5.7428670408871e-06, 0.9999999998066763]}}}}], "tags": {"id": 3, "settled_pose": {"pos": [-0.07347730767136555, -0.1350736824294231, 0.1609152773561802], "quat": [4.119709739448647e-07, -2.3091114072821623e-05, -5.541097931062187e-06, 0.9999999997179635]}}}}], "tags": {"id": 2, "settled_pose": {"pos": [-0.07346542169544543, -0.13507392404779853, 0.10492685234013299], "quat": [6.867723672757283e-07, -1.420885225798556e-05, -4.308762785646184e-06, 0.9999999998895357]}}}}, {"own_cp_index": 24, "child_cp_index": 24, "child": {"name": "short", "connections": [], "tags": {"id": 1, "settled_pose": {"pos": [-0.07333948271759543, 0.06592391810866684, 0.048938276519775004], "quat": [6.958154809927773e-16, 9.265400091135752e-16, 1.0, 4.4458309965410257e-10]}}}}], "tags": {"id": 0, "settled_pose": {"pos": [-0.07340790743440143, -0.13507530935664583, 0.0489373132119661], "quat": [6.508580722064751e-07, -1.3438727330735747e-05, -5.105107469454063e-06, 0.9999999998964575]}}}, "pre_placed_parts": [0, 1, 2, 3], "construction_order": [4], "root_transformation": [[1.0, 0.0, 0.0, -0.07333948271753093], [0.0, 1.0, 0.0, -0.13507608182374542], [0.0, 0.0, 1.0, 0.04844827586], [0.0, 0.0, 0.0, 1.0]]}