{"aggregation": {"name": "short", "connections": [{"own_cp_index": 22, "child_cp_index": 13, "child": {"name": "short", "connections": [{"own_cp_index": 31, "child_cp_index": 7, "child": {"name": "short", "connections": [{"own_cp_index": 19, "child_cp_index": 6, "child": {"name": "short", "connections": [{"own_cp_index": 8, "child_cp_index": 21, "child": {"name": "short", "connections": [], "tags": {"id": 4, "settled_pose": {"pos": [-0.06030295294096026, -0.03716608974496033, 0.27591383310707474], "quat": [-0.0009488411744258916, 0.999996696351783, 2.926166355874612e-05, 0.00238875065688184]}}}}], "tags": {"id": 3, "settled_pose": {"pos": [-0.09769076828263044, -0.03719151430501979, 0.2166415414952737], "quat": [2.929490784301322e-05, -0.002388617970370821, 0.0009335719240130426, 0.9999967110393227]}}}}], "tags": {"id": 2, "settled_pose": {"pos": [-0.0952834840736878, -0.03702335295629122, 0.16067592261915772], "quat": [1.870421300588631e-05, -0.0021649104312793945, 0.0010797574245869721, 0.9999970734641582]}}}}], "tags": {"id": 1, "settled_pose": {"pos": [0.018494939193559136, -0.03685242187730584, 0.10806017413033153], "quat": [-0.0006245086882510166, 0.9999992479383457, 3.257369427321264e-06, 0.0010555098441025223]}}}}], "tags": {"id": 0, "settled_pose": {"pos": [0.056107286634376474, -0.03681881895888666, 0.04896563648058612], "quat": [9.80286710030062e-06, -0.0007530281651757508, 0.0005834682951167058, 0.9999995462085145]}}}, "pre_placed_parts": [0, 1, 2, 3], "construction_order": [4], "root_transformation": [[1.0, 0.0, 0.0, 0.05770709295496729], [0.0, 1.0, 0.0, -0.036878511741911875], [0.0, 0.0, 1.0, 0.04844827586], [0.0, 0.0, 0.0, 1.0]]}