{"aggregation": {"name": "short", "connections": [{"own_cp_index": 9, "child_cp_index": 22, "child": {"name": "short", "connections": [{"own_cp_index": 16, "child_cp_index": 12, "child": {"name": "short", "connections": [{"own_cp_index": 29, "child_cp_index": 13, "child": {"name": "short", "connections": [{"own_cp_index": 27, "child_cp_index": 4, "child": {"name": "short", "connections": [], "tags": {"id": 4, "settled_pose": {"pos": [-0.09013647109869329, -0.1321419751400322, 0.2759892839134932], "quat": [0.00011389540346921609, 0.9999999927875621, 1.543398555740031e-06, 3.808320751475762e-05]}}}}], "tags": {"id": 3, "settled_pose": {"pos": [-0.09013544546793012, -0.1321416320445732, 0.220000698172214], "quat": [0.00011158953399084691, 0.9999999927887401, 2.4483338556805554e-06, 4.432044143995695e-05]}}}}], "tags": {"id": 2, "settled_pose": {"pos": [-0.015043067483784237, -0.13215548422817344, 0.16401844302327456], "quat": [9.506480107700098e-05, 0.9999999952327404, -1.1868105511234987e-07, 2.2297728562345257e-05]}}}}], "tags": {"id": 1, "settled_pose": {"pos": [-0.01502010864842554, -0.13214146278093708, 0.1080300840583044], "quat": [-4.2928904812978813e-05, 0.9999999987611374, 1.8567292106166641e-06, 2.5127411219334668e-05]}}}}], "tags": {"id": 0, "settled_pose": {"pos": [-0.05252596092377542, -0.13214483171145094, 0.04893584875266974], "quat": [1.699350637653498e-07, -2.2165362683155246e-05, -4.938704706949522e-05, 0.9999999985347937]}}}, "pre_placed_parts": [0, 1, 2, 3], "construction_order": [4], "root_transformation": [[1.0, 0.0, 0.0, -0.0524803026489023], [0.0, 1.0, 0.0, -0.13214293291652413], [0.0, 0.0, 1.0, 0.04844827586], [0.0, 0.0, 0.0, 1.0]]}