{"aggregation": {"name": "short", "connections": [{"own_cp_index": 19, "child_cp_index": 6, "child": {"name": "short", "connections": [{"own_cp_index": 24, "child_cp_index": 23, "child": {"name": "short", "connections": [{"own_cp_index": 7, "child_cp_index": 20, "child": {"name": "short", "connections": [], "tags": {"id": 1, "settled_pose": {"pos": [0.07896733501716406, 0.09611976632481242, 0.048937296717168906], "quat": [-3.5293567998616873e-07, -7.878401294965463e-06, 1.050165378640446e-06, 0.9999999999683518]}}}}, {"own_cp_index": 20, "child_cp_index": 9, "child": {"name": "short", "connections": [], "tags": {"id": 4, "settled_pose": {"pos": [0.041409925066594286, 0.09612040251477955, 0.16401796364340016], "quat": [-1.0341998757172575e-05, 0.9999999998886786, -7.348795925407652e-07, 1.0730613124383936e-05]}}}}], "tags": {"id": 3, "settled_pose": {"pos": [0.07896660099775461, 0.09611987422149326, 0.10492635660527705], "quat": [-3.9321489669610924e-07, -6.088917326788065e-06, 2.249528721659357e-06, 0.999999999978855]}}}}], "tags": {"id": 2, "settled_pose": {"pos": [0.07900870086269636, -0.10488057343445949, 0.10492739573884373], "quat": [-3.398580499295372e-09, -3.4699831352610144e-09, 6.337124310240137e-08, 0.999999999999998]}}}}], "tags": {"id": 0, "settled_pose": {"pos": [0.07900870452666824, -0.1048805753736935, 0.04893827653812191], "quat": [3.126388625819265e-11, 1.154835094867912e-10, 6.780245338552431e-08, 0.9999999999999978]}}}, "pre_placed_parts": [0, 1, 2, 3], "construction_order": [4], "root_transformation": [[1.0, 0.0, 0.0, 0.07900872254621893], [0.0, 1.0, 0.0, -0.10488058307946502], [0.0, 0.0, 1.0, 0.04844827586], [0.0, 0.0, 0.0, 1.0]]}