{"aggregation": {"name": "short", "connections": [{"own_cp_index": 20, "child_cp_index": 5, "child": {"name": "short", "connections": [{"own_cp_index": 27, "child_cp_index": 5, "child": {"name": "short", "connections": [{"own_cp_index": 10, "child_cp_index": 27, "child": {"name": "short", "connections": [], "tags": {"id": 4, "settled_pose": {"pos": [-0.006068575974544774, -0.10352587517537595, 0.21684635508485547], "quat": [0.00027348391522186925, 0.000246169293459994, 0.0004934921000386007, 0.9999998105363692]}}}}], "tags": {"id": 3, "settled_pose": {"pos": [0.03147454619984189, -0.10359864539528074, 0.16394343629684546], "quat": [-0.00038646678769482925, 0.9999998505027639, 0.0002911203583591925, -0.0002547288929325073]}}}}, {"own_cp_index": 31, "child_cp_index": 6, "child": {"name": "short", "connections": [], "tags": {"id": 2, "settled_pose": {"pos": [-0.08087042079572761, 0.09731276134077457, 0.16095721564901905], "quat": [0.0002496684062299625, 0.00020699345653319768, 0.0003993172733612435, 0.9999998676825468]}}}}], "tags": {"id": 1, "settled_pose": {"pos": [0.03176089363166894, -0.00353029291706187, 0.10798306883672411], "quat": [0.0016404107513592313, 0.999998610520441, 0.00015066902094629977, -0.0002555554738811348]}}}}], "tags": {"id": 0, "settled_pose": {"pos": [-0.0809707705371898, -0.003120390914663423, 0.048939811477877695], "quat": [8.770675626737567e-05, 0.00023136790450931462, -0.0004098441892682838, 0.9999998854020725]}}}, "pre_placed_parts": [0, 1, 2, 3], "construction_order": [4], "root_transformation": [[1.0, 0.0, 0.0, -0.08107779710668117], [0.0, 1.0, 0.0, -0.003131360720299408], [0.0, 0.0, 1.0, 0.04844827586], [0.0, 0.0, 0.0, 1.0]]}