{"aggregation": {"name": "short", "connections": [{"own_cp_index": 19, "child_cp_index": 3, "child": {"name": "short", "connections": [{"own_cp_index": 4, "child_cp_index": 26, "child": {"name": "short", "connections": [{"own_cp_index": 21, "child_cp_index": 2, "child": {"name": "short", "connections": [], "tags": {"id": 4, "settled_pose": {"pos": [0.07115863273569505, -0.043010261100349084, 0.2169013309383975], "quat": [-6.105885403311253e-06, 1.4123727451461538e-05, 8.988102648743056e-06, 0.9999999998412262]}}}}], "tags": {"id": 3, "settled_pose": {"pos": [0.07115653041101533, -0.04301076044475774, 0.1609124841708359], "quat": [-5.189374563425968e-06, 1.691605803292695e-05, 6.235771427971562e-06, 0.9999999998240163]}}}}], "tags": {"id": 2, "settled_pose": {"pos": [-0.0038487652746385746, -0.04301537834898589, 0.10492562349798851], "quat": [-5.847082154777059e-06, 1.526720263962297e-05, 2.6912278185660314e-05, 0.9999999995042268]}}}}, {"own_cp_index": 23, "child_cp_index": 23, "child": {"name": "short", "connections": [], "tags": {"id": 1, "settled_pose": {"pos": [0.0711450283580935, -0.14400738962256465, 0.04893537739895082], "quat": [1.4675365922084594e-05, 1.4611547528572833e-05, 0.999999999766633, 6.153887416049479e-06]}}}}], "tags": {"id": 0, "settled_pose": {"pos": [0.07112175590620282, 0.05698052504769693, 0.0489381770288558], "quat": [-3.373283233789624e-06, 7.902748597491381e-07, 1.814132964882366e-05, 0.9999999998294443]}}}, "pre_placed_parts": [0, 1, 2, 3], "construction_order": [4], "root_transformation": [[1.0, 0.0, 0.0, 0.07112525544003834], [0.0, 1.0, 0.0, 0.05698178964082939], [0.0, 0.0, 1.0, 0.048448275860000056], [0.0, 0.0, 0.0, 1.0]]}