{"aggregation": {"name": "short", "connections": [{"own_cp_index": 9, "child_cp_index": 22, "child": {"name": "short", "connections": [{"own_cp_index": 2, "child_cp_index": 19, "child": {"name": "short", "connections": [{"own_cp_index": 31, "child_cp_index": 1, "child": {"name": "short", "connections": [{"own_cp_index": 6, "child_cp_index": 16, "child": {"name": "short", "connections": [], "tags": {"id": 4, "settled_pose": {"pos": [0.023402339503028693, -0.14578507740485994, 0.2728759719793439], "quat": [2.812088873682285e-06, -0.0001513055416766726, -0.00016119691770818644, 0.9999999755571393]}}}}], "tags": {"id": 3, "settled_pose": {"pos": [-0.0890357892637535, -0.1457929392761495, 0.2199564155274983], "quat": [3.6041118344008634e-05, 0.9999999828734716, 3.124735694390485e-06, 0.00018150573089849726]}}}}], "tags": {"id": 2, "settled_pose": {"pos": [-0.013673974296732162, -0.14575993578825092, 0.1639932924502005], "quat": [-4.0969391022446403e-05, 0.9999999866313046, 1.1910759966424034e-06, 0.00015829554914783577]}}}}], "tags": {"id": 1, "settled_pose": {"pos": [0.06137615718139466, -0.14575075855037029, 0.10803236741702617], "quat": [-1.1020314484255465e-05, 0.9999999992679763, 1.096745361043195e-06, 3.662509075045127e-05]}}}}], "tags": {"id": 0, "settled_pose": {"pos": [0.023880518509132594, -0.14575415805780012, 0.04893583029458845], "quat": [1.175826129158777e-06, -2.989934457371087e-05, 7.2552985675355825e-06, 0.9999999995260037]}}}, "pre_placed_parts": [0, 1, 2, 3], "construction_order": [4], "root_transformation": [[1.0, 0.0, 0.0, 0.024036250644476845], [0.0, 1.0, 0.0, -0.14574835965277494], [0.0, 0.0, 1.0, 0.04844827586], [0.0, 0.0, 0.0, 1.0]]}