{"aggregation": {"name": "short", "connections": [{"own_cp_index": 20, "child_cp_index": 5, "child": {"name": "short", "connections": [{"own_cp_index": 16, "child_cp_index": 13, "child": {"name": "short", "connections": [{"own_cp_index": 19, "child_cp_index": 9, "child": {"name": "short", "connections": [{"own_cp_index": 16, "child_cp_index": 12, "child": {"name": "short", "connections": [], "tags": {"id": 1, "settled_pose": {"pos": [0.09022162488354958, -0.12289064945160781, 0.04893833142452269], "quat": [0.00010207313273770411, 8.648683382762762e-06, 0.003233420112384247, 0.9999947672366355]}}}}], "tags": {"id": 2, "settled_pose": {"pos": [0.09013487506968579, -0.12296467769577096, 0.10492679412510934], "quat": [5.88627968819834e-06, -1.2330816164997798e-05, 0.003287856162538576, 0.999994594892971]}}}}], "tags": {"id": 4, "settled_pose": {"pos": [0.05309581798276732, -0.02262266683774297, 0.16401973318521498], "quat": [-0.0003041339850206323, 0.9999999536535455, 6.429936064286054e-06, 1.2412974289049815e-05]}}}}], "tags": {"id": 3, "settled_pose": {"pos": [0.05305048702306814, 0.0777960186509021, 0.10803151853430981], "quat": [-0.0032398359203283577, 0.9999947516269915, 6.148227079536597e-06, 1.1995011712682105e-05]}}}}], "tags": {"id": 0, "settled_pose": {"pos": [-0.05943472963135601, 0.0770879338855185, 0.04893588728571015], "quat": [-6.391868626564195e-05, -9.585885459712505e-06, 0.003154492097952122, 0.9999950224886703]}}}, "pre_placed_parts": [0, 1, 2, 3], "construction_order": [4], "root_transformation": [[1.0, 0.0, 0.0, -0.05944981686566847], [0.0, 1.0, 0.0, 0.07684906754875725], [0.0, 0.0, 1.0, 0.04844827586], [0.0, 0.0, 0.0, 1.0]]}