{
  "ur10": {
    "torque_limits_lower": [-200, -200, -200, -200, -200, -200],
    "torque_limits_upper": [200, 200, 200, 200, 200, 200],
    "joint_velocity_limits_lower": [-2.0944, -2.0944, -2.0944, -2.0944, -2.0944, -2.0944],
    "joint_velocity_limits_upper": [2.0944, 2.0944, 2.0944, 2.0944, 2.0944, 2.0944],
    "joint_acceleration_limits": [1.25, 1.25, 1.25, 1.25, 1.25, 1.25],
    "joint_position_limits_lower": [-3.141593, -3.141593, -3.141593, -3.141593, -3.141593, -3.141593],
    "joint_position_limits_upper": [3.141593, 3.141593, 3.141593, 3.141593, 3.141593, 3.141593],
    "end_effector_linear_velocity_limits_lower": [-1, -1, -1],
    "end_effector_linear_velocity_limits_upper": [1, 1, 1],
    "end_effector_angular_velocity_limits_lower": [-1, -1, -1],
    "end_effector_angular_velocity_limits_upper": [1, 1, 1]
  },
  "rh_p12_rn": {
    "torque_limits_lower": [-15],
    "torque_limits_upper": [15],
    "joint_position_limits_lower": [-3.141593],
    "joint_position_limits_upper": [3.141593]
  }
}