{"aggregation": {"name": "short", "connections": [], "tags": {"id": 0}}, "pre_placed_parts": [], "construction_order": [0], "root_transformation": [[1.0, 0.0, 0.0, 0.025593506619602583], [0.0, 1.0, 0.0, 0.11590025873194432], [0.0, 0.0, 1.0, 0.04844827586], [0.0, 0.0, 0.0, 0.003]]}