{"aggregation": {"name": "short", "connections": [], "tags": {"id": 0}}, "pre_placed_parts": [], "construction_order": [0], "root_transformation": [[1.0, 0.0, 0.0, 0.03331992571686465], [0.0, 1.0, 0.0, 0.04445858939738428], [0.0, 0.0, 1.0, 0.04844827586], [0.0, 0.0, 0.0, 0.003]]}