{"aggregation": {"name": "short", "connections": [], "tags": {"id": 0}}, "pre_placed_parts": [], "construction_order": [0], "root_transformation": [[1.0, 0.0, 0.0, -0.040125682114313166], [0.0, 1.0, 0.0, -0.010645278315721934], [0.0, 0.0, 1.0, 0.04844827586], [0.0, 0.0, 0.0, 0.003]]}