{"aggregation": {"name": "short", "connections": [], "tags": {"id": 0}}, "pre_placed_parts": [], "construction_order": [0], "root_transformation": [[1.0, 0.0, 0.0, 0.07842743431484162], [0.0, 1.0, 0.0, 0.00043280378225762456], [0.0, 0.0, 1.0, 0.04844827586], [0.0, 0.0, 0.0, 0.003]]}