{"aggregation": {"name": "short", "connections": [], "tags": {"id": 0}}, "pre_placed_parts": [], "construction_order": [0], "root_transformation": [[1.0, 0.0, 0.0, -0.021765802512344664], [0.0, 1.0, 0.0, -0.1362729872597957], [0.0, 0.0, 1.0, 0.04844827586], [0.0, 0.0, 0.0, 0.003]]}